keys,pt,en,es,zh
UI_SELECT_LANGUAGE,Selecione o Idioma,Select Language,Selecciona el Idioma,选择语言
UI_LANGUAGE_HINT,Escolha como deseja viver esta aventura.,Choose how you want to experience this adventure.,Elige cómo quieres vivir esta aventura.,选择您希望如何体验这场冒险。
UI_LANGUAGE_NAVIGATION,"Use o teclado, controle ou mouse para continuar.","Use keyboard, controller, or mouse to continue.","Usa el teclado, mando o ratón para continuar.",使用键盘、手柄或鼠标继续。
UI_LANG_PT,Português,Português,Português,Português
UI_LANG_EN,English,English,English,English
UI_LANG_ES,Español,Español,Español,Español
UI_LANG_ZH,中文,中文,中文,中文
GAME_TITLE,As Aventuras de Maycon,The Legend of Maycon,Las Aventuras de Maycon,麦肯大冒险
GAME_SUBTITLE,O Resgate do Cabelo,The Cabelo's Rescue,El Rescate de Cabelo,拯救卡贝洛
MENU_NIGHT_KICKER,UMA NOITE À BEIRA-MAR,A NIGHT BY THE SEA,UNA NOCHE JUNTO AL MAR,海边之夜
MENU_NIGHT_CAPTION,O horizonte guarda uma lembrança.,The horizon holds a memory.,El horizonte guarda un recuerdo.,地平线珍藏着一段回忆。
MENU_NEW_GAME,Novo Jogo,New Game,Nueva Partida,新游戏
MENU_CONTINUE,Continuar,Continue,Continuar,继续游戏
MENU_SETTINGS,Configurações,Settings,Configuración,设置
MENU_EXIT,Sair,Exit,Salir,退出
MENU_CLOSE,Fechar,Close,Cerrar,关闭
MENU_SAVE_QUIT,Salvar & Sair,Save & Quit,Guardar y Salir,保存并退出
MENU_PAUSE,PAUSE,PAUSE,PAUSA,暂停
MENU_BATTLE_PAUSED,BATALHA PAUSADA,BATTLE PAUSED,BATALLA PAUSADA,战斗暂停
MENU_PAUSE_HINT,ESC / START para continuar,ESC / START to continue,ESC / START para continuar,按 ESC / START 继续
BATTLE_CONTROLS_INTRO,CONTROLES DA LUTA,BATTLE CONTROLS,CONTROLES DE LA LUCHA,战斗操作
BATTLE_CONTROLS_PROMPT,PRESSIONE QUALQUER BOTÃO PARA CONTINUAR,PRESS ANY BUTTON TO CONTINUE,PULSA CUALQUIER BOTÓN PARA CONTINUAR,按任意键继续
WELL_HEALTH,VIDA,HEALTH,SALUD,生命
WELL_CONTROLS,WASD / SETAS: MOVER  ESPAÇO / A: DASH DE PEIDO  Q / Y: PENTAGRAMA,WASD / ARROWS: MOVE  SPACE / A: FART DASH  Q / Y: PENTAGRAM,WASD / FLECHAS: MOVER  ESPACIO / A: DASH DE PEDO  Q / Y: PENTAGRAMA,WASD / 方向键：移动  空格 / A：屁冲刺  Q / Y：五芒星
WELL_POWER_READY,PENTAGRAMA PRONTO!,PENTAGRAM READY!,¡PENTAGRAMA LISTO!,五芒星已就绪！
WELL_INVULNERABLE,INVULNERÁVEL!,INVULNERABLE!,¡INVULNERABLE!,无敌！
WELL_HIT,IMPACTO!,HIT!,¡IMPACTO!,受击！
MENU_CONTROLLER,CONTROLE,CONTROLLER,CONTROLES,操作说明
PAUSE_MOVE,Mover,Move,Mover,移动
PAUSE_SHOOT,Atirar,Shoot,Disparar,射击
PAUSE_INTERACT,Interagir,Interact,Interactuar,互动
PAUSE_FLASHLIGHT,Lanterna,Flashlight,Linterna,手电筒
PAUSE_SPECIAL,Pentagrama,Pentagram,Pentagrama,五芒星
MENU_RUN,Correr,Run,Correr,奔跑
MENU_CROUCH,Agachar,Crouch,Agacharse,下蹲
MENU_MAP,MAPA,MAP,MAPA,地图
MENU_OK,OK,OK,OK,确定
SETTINGS_TITLE,Configurações,Settings,Configuración,设置
SETTINGS_GAMEPLAY,Gameplay,Gameplay,Jugabilidad,游戏设置
SETTINGS_BATTLE_MODE,Modo de Batalha,Battle Mode,Modo de Batalla,战斗模式
SETTINGS_BATTLE_MODE_REALTIME,Tempo Real,Real Time,Tiempo Real,即时
SETTINGS_BATTLE_MODE_STRATEGIC,Estratégico,Strategic,Estratégico,策略回合
SETTINGS_BATTLE_MODE_DESC,Define o sistema usado ao iniciar a próxima batalha. Pode ser modificado a qualquer momento.,Sets the system used when the next battle begins. It can be changed at any time.,Define el sistema usado al iniciar la próxima batalla. Se puede modificar en cualquier momento.,设定下一场战斗开始时使用的系统。可随时更改。
SETTINGS_DEBUG,Debug,Debug,Depuración,调试
SETTINGS_DEBUG_MODE_ON,DEBUG MODE ON,DEBUG MODE ON,DEBUG MODE ON,DEBUG MODE ON
SETTINGS_AIM_ASSIST,Assistente de Mira,Aim Assist,Asistencia de Apuntado,瞄准辅助
SETTINGS_AIM_DESC,Ajusta a intensidade da atração e assistência de mira no combate 3D.,Adjusts aim magnetism and shot assist strength in 3D combat.,Ajusta la intensidad de atracción y asistencia de disparo en combate 3D.,调整3D战斗中的瞄准吸附与射击辅助强度。
SETTINGS_AIM_ASSIST_DESC,Ajusta a intensidade da atração e assistência de mira no combate 3D.,Adjusts aim magnetism and shot assist strength in 3D combat.,Ajusta la intensidad de atracción y asistencia de disparo en combate 3D.,调整3D战斗中的瞄准吸附与射击辅助强度。
SETTINGS_OFF,Desativado,Off,Desactivado,关闭
SETTINGS_AIM_OFF,Desativado,Off,Desactivado,关闭
SETTINGS_EVENTS,Eventos do Jogo (game_events):,Game Events (game_events):,Eventos del Juego (game_events):,游戏事件 (game_events):
SETTINGS_GAME_EVENTS,Eventos do Jogo (game_events):,Game Events (game_events):,Eventos del Juego (game_events):,游戏事件 (game_events):
SETTINGS_CLOSE,Fechar,Close,Cerrar,关闭
SETTINGS_LANGUAGE,Idioma,Language,Idioma,语言
SETTINGS_DEBUG_NO_BATTLES,Não entrar em batalha (derrota ao encostar),No battle encounters (defeat on touch),No entrar en batalla (derrota al tocar),不进入战斗 (接触即击败)
SETTINGS_DEBUG_NO_BATTLES_DESC,Ao encostar nos inimigos eles são derrotados instantaneamente sem iniciar batalhas.,Touching enemies defeats them instantly without triggering battles.,Tocar a los enemigos los derrota al instante sin iniciar batallas.,触碰敌人时立即击败敌人且不触发战斗。
SETTINGS_GRAPHICS_3D,Gráfico 3D,3D Graphics,Gráficos 3D,3D图形
SETTINGS_GRAPHICS_2D,Gráfico 2D,2D Graphics,Gráficos 2D,2D图形
SETTINGS_GFX_OFF,Desligado,Off,Desactivado,关闭
SETTINGS_GFX_SHADOW_LOW,Baixa,Low,Baja,低
SETTINGS_GFX_SHADOW_MEDIUM,Média,Medium,Media,中
SETTINGS_GFX_SHADOW_HIGH,Alta,High,Alta,高
SETTINGS_GFX_FILTER_NEAREST,Nítido (Pixelado),Sharp (Pixelated),Nítido (Pixelado),锐利(像素化)
SETTINGS_GFX_FILTER_LINEAR,Suave,Smooth,Suave,平滑
SETTINGS_GFX_MSAA_3D,MSAA 3D,3D MSAA,MSAA 3D,3D MSAA
SETTINGS_GFX_MSAA_3D_DESC,Suaviza as bordas dos modelos 3D.,Smooths the edges of 3D models.,Suaviza los bordes de los modelos 3D.,平滑3D模型的边缘。
SETTINGS_GFX_RES_SCALE,Escala de Resolução 3D,3D Resolution Scale,Escala de Resolución 3D,3D分辨率缩放
SETTINGS_GFX_RES_SCALE_DESC,Reduz a resolução interna da renderização 3D para melhorar a performance.,Reduces the internal 3D rendering resolution to improve performance.,Reduce la resolución interna del renderizado 3D para mejorar el rendimiento.,降低3D渲染的内部分辨率以提升性能。
SETTINGS_GFX_GLOW,Brilho (Glow),Glow,Brillo (Glow),辉光(Glow)
SETTINGS_GFX_GLOW_DESC,Realça luzes e brilhos intensos na cena atual.,Enhances bright lights and intense glows in the current scene.,Realza luces y brillos intensos en la escena actual.,增强当前场景中的强光与辉光效果。
SETTINGS_GFX_SSAO,Oclusão de Ambiente (SSAO),Ambient Occlusion (SSAO),Oclusión Ambiental (SSAO),环境光遮蔽(SSAO)
SETTINGS_GFX_SSAO_DESC,Adiciona sombreamento suave nos cantos e contatos entre objetos.,Adds soft shading in corners and contact points between objects.,Añade sombreado suave en las esquinas y puntos de contacto entre objetos.,在物体的角落和接触点添加柔和阴影。
SETTINGS_GFX_SHADOW,Qualidade das Sombras,Shadow Quality,Calidad de las Sombras,阴影质量
SETTINGS_GFX_SHADOW_DESC,Resolução do mapa de sombras dos objetos e inimigos.,Shadow map resolution for objects and enemies.,Resolución del mapa de sombras de objetos y enemigos.,物体和敌人阴影贴图的分辨率。
SETTINGS_GFX_RESTORE,Restaurar Padrão,Restore Default,Restaurar Predeterminado,恢复默认
SETTINGS_GFX_MSAA_2D,MSAA 2D,2D MSAA,MSAA 2D,2D MSAA
SETTINGS_GFX_MSAA_2D_DESC,Suaviza bordas de linhas e formas desenhadas na tela.,Smooths edges of lines and shapes drawn on screen.,Suaviza los bordes de líneas y formas dibujadas en pantalla.,平滑屏幕上绘制的线条和形状的边缘。
SETTINGS_GFX_TEXTURE_FILTER,Filtro de Textura,Texture Filter,Filtro de Textura,纹理过滤
SETTINGS_GFX_TEXTURE_FILTER_DESC,Nítido preserva o estilo original; Suave deixa os sprites mais lisos.,Sharp preserves the original style; Smooth makes sprites softer.,Nítido conserva el estilo original; Suave deja los sprites más lisos.,锐利保留原始风格;平滑让精灵更柔和。
UI_HOLD_SKIP,SEGURE PARA PULAR,HOLD TO SKIP,MANTÉN PARA SALTAR,按住以跳过
STORY_SKIP_PROMPT,SEGURE PARA PULAR,HOLD TO SKIP,MANTÉN PARA SALTAR,按住以跳过
FASE_NAME_PROLOGUE,Prólogo,Prologue,Prólogo,序章
UI_HEALTH,VIDA,HEALTH,SALUD,生命
BATTLE_HP_LABEL,VIDA,HEALTH,SALUD,生命值
STORY_INTRO_1,Após Cabelo ser capturado,After Cabelo has been captured,Después de que Cabelo fuera capturado,卡贝洛被抓走后
STORY_INTRO_2,Maycon o procurou por toda parte,Maycon searched for him everywhere,Maycon lo buscó por todas partes,麦肯到处寻找他的下落
STORY_INTRO_3,Procurou por toda grande Bela Aurora,He searched all over the great Bela Aurora,Buscó por toda la gran Bela Aurora,寻遍了整个贝拉奥罗拉
STORY_INTRO_4,Restando apenas a pracinha da Bela,With only Bela's little square remaining,Quedando solo la placita de Bela,只剩下贝拉小广场
STORY_INTRO_5,Em um último suspiro Maycon foi lá...,"With his last breath, Maycon went there...","En un último suspiro, Maycon fue allí...",怀着最后的希望，麦肯赶往了那里……
DIALOGUE_SECO_1,Maycon seu safado!,Maycon you asshole!,"¡Maycon, sinvergüenza!",麦肯你个混蛋！
DIALOGUE_SECO_2,Esquece o cabelo!,Forget about Cabelo!,¡Olvídate de Cabelo!,忘了卡贝洛吧！
DIALOGUE_SECO_3,Levarei ele para um outro lugar...,I'm gonna take him to another place!,¡Me lo llevaré a otro lugar...,我要把他带去另一个地方……
DIALOGUE_SECO_4,fora do mundo real!,A not real one!,¡fuera del mundo real!,现实世界之外！
DIALOGUE_SECO_5,Somente lá voce contrará ele!,Only there you can rescue him!,¡Solo allí podrás rescatarlo!,只有在那里你才能救他！
DIALOGUE_SECO_6,Venha seu safado!,Come on! You asshole!,"¡Ven aquí, desgraciado!",过来啊，你个蠢货！
DIALOGUE_SECO_7,Entre! entre no fogo!!,Enter! Touch the fire!!,¡Entra! ¡Entra al fuego!!,跳进来！跳进火海吧！！
DIALOGUE_SECO_8,Entre no fogo que queima gostoso!!,Enter! Touch the fire that burns so good!!,¡Entra al fuego que quema sabroso!!,快跳进烈火中好好享受吧！！
DIALOGUE_CIGARRO_1,Como seu melhor amigo do coração!,As your best friend in the world!,¡Como tu mejor amigo del alma!,作为你最交心的挚友！
DIALOGUE_CIGARRO_2,Venho te ajudar!,I'm here to help you!,¡Vengo a ayudarte!,我来助你一臂之力！
DIALOGUE_CIGARRO_3,Sei que está nessa busca pelo Cabelo!,I know you're on this quest for Cabelo!,¡Sé que estás buscando a Cabelo!,我知道你一直在寻找卡贝洛！
DIALOGUE_CIGARRO_4,Confio em você Maycon!,"I trust you, Maycon!","¡Confío en ti, Maycon!",我相信你，麦肯！
DIALOGUE_CIGARRO_5,O Olindão largou ele em algum lugar na cidade,Olindão left him somewhere in the city,Olindão lo dejó en algún lugar de la ciudad,奥林当把他扔在城里的某个角落了
DIALOGUE_CIGARRO_6,Eu sabia que precisaria...,I knew you'd need it...,Sabía que lo necesitarías...,我就知道你一定会需要这个……
DIALOGUE_CIGARRO_7,Pegue minha moto emprestada!,Take my motorcycle!,¡Toma prestada mi moto!,借用我的摩托车吧！
DIALOGUE_CIGARRO_8,Estarei pela cidade...,I'll be around town...,Estaré por la ciudad...,我会在城里四处转转……
DIALOGUE_CIGARRO_9,Se eu achar ele te informo!,If I spot him I'll let you know!,¡Si lo veo te aviso!,只要发现他我会立刻通知你！
DIALOGUE_CIGARRO_10,Boa sorte amigo!!,"Good luck, my friend!!","¡¡Buena suerte, amigo!!",祝你好运，我的朋友！！
DIALOGUE_INFORMANT_1,"Maycon, acho que vi quem levou o Cabelo.","Maycon, I think I saw who took Cabelo.","Maycon, creo que vi quién se llevó a Cabelo.",麦肯，我想我看到是谁带走卡贝洛了。
DIALOGUE_INFORMANT_2,Tem um grupo de malandros aí pra cima.,There's a gang of troublemakers up the road.,Hay un grupo de maleantes ahí arriba.,前面路上有一群地痞流氓。
DIALOGUE_INFORMANT_3,Acho que eles pegaram o Cabelo.,I think they took Cabelo.,Creo que ellos atraparon a Cabelo.,我觉得是他们绑架了卡贝洛。
DIALOGUE_INFORMANT_4,Eles estavam muito estranhos.,They were acting very suspicious.,Se veían muy sospechosos.,他们的行踪非常诡异。
DIALOGUE_INFORMANT_5,Principalmente um tal de Tony.,Especially a guy named Tony.,Especialmente un tal Tony.,特别是一个叫托尼的家伙。
DIALOGUE_INFORMANT_6,Ele parece ser o mais malandro deles.,He looks like the shadiest one of them.,Parece ser el más peligroso de todos.,他看起来是那伙人里最阴险狡诈的。
DIALOGUE_INFORMANT_7,Eles se chamam de Fellas.,They call themselves the Fellas.,Se hacen llamar los Fellas.,他们自称费拉斯帮。
DIALOGUE_FELLAS_1,Olha só quem chegou... o heróizinho da cidade.,Look who showed up... the city's little hero.,Miren quién llegó... el herocito de la ciudad.,看看谁来了……这不是城里的小英雄吗。
DIALOGUE_FELLAS_2,Nós somos os caras. Você não é nada!,We're the real deal. You're nothing!,Nosotros mandamos aquí. ¡Tú no eres nadie!,这儿归我们管。你算什么东西！
DIALOGUE_FELLAS_3,"Estamos sendo pagos para ficar com o Cabelo, portanto mete o pé!","We're being paid to keep Cabelo, so get lost!","Nos pagan por retener a Cabelo, ¡así que lárgate!",有人出大钱让我们看守卡贝洛，识相的快滚！
DIALOGUE_FELLAS_4,"Some daqui, mané, antes que o Tony perca a paciência!","Get out of here, loser, before Tony loses his patience!","¡Lárgate, perdedor, antes de que Tony pierda la paciencia!",滚远点，窝囊废，别等托尼失去耐心！
DIALOGUE_FELLAS_5,"Você não assusta nem criança, seu otário!","You couldn't scare a child, you clown!","¡No asustas ni a un niño, payaso!",你连三岁小孩都吓不住，跳梁小丑！
CITY_CHASE_BRIEFING_1,"A coisa ficou preta. Os capangas desses Fellas não vão dar informação de mão beijada.","Things just got dark. Those Fellas goons won't give up information for free.","La cosa se puso fea. Los matones de esos Fellas no darán información gratis.",事情变黑了。那些 Fellas 的打手不会白白交出情报。
CITY_CHASE_BRIEFING_2,"Que seja então! Eu desço tiro nesses bostas!","So be it! I'll unload on those bastards!","¡Pues que así sea! ¡Les voy a soltar tiros a esos desgraciados!",那就这样吧！我要朝那些混蛋开火！
HUD_MAYCON_NAME,Maycon,Maycon,Maycon,麦肯
DIALOGUE_SURRENDER_1,"Tá bom, tá bom! Perdoa a gente, Maycon!","All right, all right! Forgive us, Maycon!","¡Está bien, está bien! ¡Perdónanos, Maycon!",好啦，好啦！饶了我们吧，麦肯！
DIALOGUE_SURRENDER_2,Foi o Tony que fechou o acordo. A gente só queria a grana!,Tony made the deal. We just wanted the money!,Tony cerró el trato. ¡Nosotros solo queríamos el dinero!,是托尼达成的交易。我们只是图钱！
DIALOGUE_SURRENDER_3,Deixamos o Cabelo perto do Posto Estrela da Serra.,We left Cabelo near the Serra Star Gas Station.,Dejamos a Cabelo cerca de la Gasolinera Estrella de la Sierra.,我们把卡贝洛留在了塞拉之星加油站附近。
DIALOGUE_SURRENDER_4,"Fica no canto nordeste da cidade. Ele está bem, a gente jura!","It's in the northeast corner of the city. He's safe, we swear!","Está en la esquina noreste de la ciudad. ¡Está bien, lo juramos!",就在城市的东北角。他很好，我们发誓！
OBJECTIVE_SEEK_CLUE,Procure uma pista no sul da cidade,Find a clue in the south of the city,Busca una pista al sur de la ciudad,在城市南部寻找线索
OBJECTIVE_FIND_FELLAS,Encontre os Fellas ao norte,Find the Fellas up north,Encuentra a los Fellas al norte,去城北寻找费拉斯帮
OBJECTIVE_DISMOUNT,Pressione E / START para descer da moto,Press E / START to get off the motorcycle,Pulsa E / START para bajar de la moto,按 E / START 下摩托车
OBJECTIVE_FIGHT_FELLAS,acerte os fellas com a madeira dura e macia!,hit the fellas with the hard and soft wood!,¡golpea a los fellas con la madera dura y suave!,用又硬又软的木棍痛击费拉斯帮！
OBJECTIVE_CABELO_GAS_STATION,O Cabelo está no Posto Estrela da Serra!,Cabelo is at the Serra Star Gas Station!,¡Cabelo está en la Gasolinera Estrella de la Sierra!,卡贝洛在塞拉之星加油站！
OBJECTIVE_CHASE_FELLAS,Procure os Fellas no mapa.,Find the Fellas on the map.,Encuentra a los Fellas en el mapa.,在地图上寻找 Fellas。
SHOUT_1,SAI VAZADO!,BACK OFF!,¡LÁRGATE!,快滚开！
SHOUT_2,"SAI DAÍ, BUNDÃO!","GET AWAY, JERK!","¡QUÍTATE DE AHÍ, COBARDE!",闪开，胆小鬼！
SHOUT_3,"SAI NO SAPATO, OTÁRIO!","GET LOST, LOSER!","¡PIÉRDETE, TONTO!",悄悄滚蛋吧，蠢货！
SHOUT_4,"PARA COM ISSO, MALUCO!","STOP IT, MANIAC!","¡PARA CON ESO, LOCO!",住手，你个疯子！
SHOUT_THUG_1,SAI VAZADO!,BACK OFF!,¡LÁRGATE!,快滚开！
SHOUT_THUG_2,"SAI DAÍ, BUNDÃO!","GET AWAY, JERK!","¡QUÍTATE DE AHÍ, COBARDE!",闪开，胆小鬼！
SHOUT_THUG_3,"SAI NO SAPATO, OTÁRIO!","GET LOST, LOSER!","¡PIÉRDETE, TONTO!",悄悄滚蛋吧，蠢货！
SHOUT_THUG_4,"PARA COM ISSO, MALUCO!","STOP IT, MANIAC!","¡PARA CON ESO, LOCO!",住手，你个疯子！
SECO_CASTLE_1,Volte aqui Olindão!,Come back here Olindão!,"¡Vuelve aquí, Olindão!",给我滚回来，奥林当！
SECO_CASTLE_2,Estou te avisando!,I'm not gonna say it again!,¡Te lo estoy advirtiendo!,我最后警告你一次！
SECO_CASTLE_3,Eu vou te pegar AGORA Tripa Maior!,I'm gonna catch you NOW Tripa Maior!,"¡Te voy a atrapar AHORA, Tripa Maior!",大肚汉，我现在就要逮住你！
SECO_CASTLE_4,AGORA!,NOW!,¡AHORA!,就是现在！
BLOOD_FIRE_HEAL_HINT,Chama de sangue: recupera toda a vida.,Blood flame: restores all health.,Llama de sangre: restaura toda la vida.,血焰：恢复全部生命值。
STAGE_BLOCKED_AXE,"Não consigo passar por aqui... 
Preciso de algo para quebrar isso...","I can't get through here... 
I need something to break it...","No puedo pasar por aquí... 
Necesito algo para romper esto...","我过不去这里……
我需要某种工具把它砸开……"
LEVEL_BLOCK_GUILLOTINE,"Não consigo passar por aqui... 
Preciso de algo para quebrar isso...","I can't get through here... 
I need something to break it...","No puedo pasar por aquí... 
Necesito algo para romper esto...","我过不去这里……
我需要某种工具把它砸开……"
PROMPT_CLIMB_STAIRS,subir as escadas?,climb the stairs?,¿subir las escaleras?,要爬楼梯吗？
LABEL_YOU_SUCK,SEU IDIOTA!,YOU SUCK!,¡IDIOTA!,你个蠢蛋！
LABEL_PESTILENT_PASSAGE,Passagem Pestilenta,Pestilent passage,Pasaje Pestilente,恶臭通道
LEVEL_PESTILENT_PASSAGE,Passagem Pestilenta,Pestilent passage,Pasaje Pestilente,恶臭通道
LABEL_ROCKS_PATH,Caminho das Pedras,Rocks Path,Camino de Piedras,碎石小径
LEVEL_STONE_PATH,Caminho das Pedras,Rocks Path,Camino de Piedras,碎石小径
LABEL_MUNDO_OLINDAO,Mundo do Olindão,Olindão's World,El Mundo de Olindão,奥林当的世界
LEVEL_OLINDAO_WORLD,Mundo do Olindão,Olindão's World,El Mundo de Olindão,奥林当的世界
LABEL_CIDADE,Cidade,City,Ciudad,城市
LEVEL_CITY,Cidade,City,Ciudad,城市
LABEL_LOST_CITY,Cidade Perdida,Lost City,Ciudad Perdida,失落之城
LABEL_CASTLE_OLINDAO,Castelo do Olindão,Castle of Olindão,Castillo de Olindão,奥林当城堡
LABEL_WELCOME_JUNGLE,Bem-vindo à Selva,Welcome to the Jungle,Bienvenido a la Selva,欢迎来到丛林
LABEL_WELCOME_CASTLE,Bem-vindo ao Castelo do Olindão,Welcome to Olindão's Castle,Bienvenido al Castillo de Olindão,欢迎来到奥林当城堡
LABEL_YOU_MISSED,VOCÊ ERROU!,YOU MISSED IT!,¡FALLASTE!,你打偏了！
LABEL_SECO_DODGED,OLINDÃO DESVIOU!,OLINDÃO DODGED!,¡OLINDÃO LO ESQUIVÓ!,奥林当闪避了！
BATTLE_OLINDAO_DODGED,OLINDÃO DESVIOU!,OLINDÃO DODGED!,¡OLINDÃO LO ESQUIVÓ!,奥林当闪避了！
LABEL_SECO_ESCAPED,OLINDÃO FUGIU!,SECO RAN AWAY!,¡OLINDÃO HUYÓ!,奥林当逃跑了！
BATTLE_OLINDAO_FLED,OLINDÃO FUGIU!,SECO RAN AWAY!,¡OLINDÃO HUYÓ!,奥林当逃跑了！
LABEL_SAFADAMENTE,SAFADAMENTE... ,CRAFTILY... ,DESCARADAMENTE... ,狡猾地逃窜……
BATTLE_SAFADAMENTE,SAFADAMENTE... ,CRAFTILY... ,DESCARADAMENTE... ,狡猾地逃窜……
LABEL_TWO_PLAYER_SCREEN,Segunda tela ativada pelo Controle 2!,Second screen activated by Player 2!,¡Segunda pantalla activada por el Mando 2!,2号手柄已激活第二屏幕！
BATTLE_MODE_TITLE,ESCOLHA O ESTILO DE BATALHA,CHOOSE YOUR BATTLE STYLE,ELIGE EL ESTILO DE BATALLA,选择战斗模式
BATTLE_MODE_SUBTITLE,Você poderá iniciar uma nova jornada com um dos dois sistemas.,Start a new journey with one of the two battle systems.,Podrás iniciar una nueva aventura con uno de los dos sistemas.,你可以从这两种战斗系统中选择一种开始新冒险。
BATTLE_MODE_REALTIME_TITLE,TEMPO REAL,REAL TIME,TIEMPO REAL,实时动作
BATTLE_MODE_REALTIME_DESC,"Beat 'em up com movimentação livre, combos, esquiva, inimigos ativos, sangue e arenas progressivas.","Beat 'em up with free movement, combos, dodging, active enemies, blood and progressive arenas.","Beat 'em up con movimiento libre, combos, esquiva, enemigos activos, sangre y arenas progresivas.",自由移动的清版动作格斗，包含连击、闪避、积极的敌人、鲜血飞溅与关卡竞技场。
BATTLE_MODE_STRATEGIC_TITLE,ESTRATÉGICA,STRATEGIC,ESTRATÉGICA,策略回合
BATTLE_MODE_STRATEGIC_DESC,"O sistema clássico atual: ataques limitados, defesa por salto e turnos de pressão.","The current classic system: limited attacks, jump defense and pressure turns.","El sistema clásico actual: ataques limitados, defensa por salto y turnos de presión.",经典回合制战斗：攻击次数限制、跳跃防守与压制回合。
BATTLE_MODE_HINT,Setas/analógico para escolher  •  Enter/A para confirmar,Arrows/stick to choose  •  Enter/A to confirm,Flechas/palanca para elegir  •  Enter/A para confirmar,方向键/摇杆选择  •  Enter/A 确认
POWER_PUNCH,SOCO,PUNCH,PUÑETAZO,出拳
POWER_KICK,CHUTE,KICK,PATADA,飞踢
POWER_JUMP,PULO,JUMP,SALTO,跳跃
POWER_DASH,DASH,DASH,DASH,冲刺
POWER_SUPER_PUNCH,OMBRADA DEVASTADORA,DEVASTATING SHOULDER CHARGE,CARGA DE HOMBRO DEVASTADORA,毁灭性肩撞
POWER_SUPER_KICK,SUPER CHUTE DEVASTADOR,SUPER DEVASTATING KICK,SÚPER PATADA DEVASTADORA,毁灭性超级飞踢
POWER_ALERT_SUPER_PUNCH,⚡ OMBRADA!,⚡ SHOULDER CHARGE!,⚡ ¡CARGA DE HOMBRO!,⚡ 肩撞！
POWER_ALERT_SUPER_KICK,⚡ SUPER CHUTE!,⚡ SUPER KICK!,⚡ ¡SÚPER PATADA!,⚡ 超级飞踢！
POWER_PENTAGRAM,PODER DO PENTAGRAMA,PENTAGRAM POWER,PODER DEL PENTAGRAMA,五芒星之力
POWER_PENTAGRAM_FORCE,FORÇA DO PENTAGRAMA,PENTAGRAM FORCE,FUERZA DEL PENTAGRAMA,五芒星之力
POWER_ROTATE_ANALOG,GIRE O ANALÓGICO,ROTATE THE ANALOG STICK,GIRA LA PALANCA,旋转摇杆
POWER_ROTATE_ANALOG_EXCL,GIRE O ANALÓGICO!,ROTATE THE ANALOG STICK!,¡GIRA LA PALANCA!,旋转摇杆！
POWER_15_HIT_SUPER,15 HIT SUPER,15 HIT SUPER,SÚPER DE 15 GOLPES,15连击大招
POWER_SESSAO_SOQUETA,SESSÃO SOQUÊTA,PUNCH N ROLL,SESIÓN DE GOLPES,连环拳决战
POWER_RUSH_50,FÚRIA DE 50 GOLPES,50-HIT MAYCON RUSH,FURIA DE 50 GOLPES,50连击狂怒暴打
POWER_MAYCON_RUSH,MAYCON RUSH,MAYCON RUSH,MAYCON RUSH,麦肯狂热连击
POWER_MAX_SPEED,VELOCIDADE MÁXIMA ALCANÇADA!,MAXIMUM SPEED REACHED!,¡VELOCIDAD MÁXIMA ALCANZADA!,已达到最高速度！
POWER_SPEED_PROMPT,APERTE 👊 SOCO E 🦶 CHUTE PARA ACELERAR!,PRESS 👊 PUNCH AND 🦶 KICK TO SPEED UP!,¡PULSA 👊 PUÑETAZO Y 🦶 PATADA PARA ACELERAR!,按下 👊 出拳 和 🦶 飞踢 来提速！
POWER_SPEED_VALUE,VELOCIDADE: %d%%,SPEED: %d%%,VELOCIDAD: %d%%,速度: %d%%
POWER_SPEED_PERCENT,VELOCIDADE: %d%%,SPEED: %d%%,VELOCIDAD: %d%%,速度: %d%%
POWER_HOLD_PROMPT,👊/🦶 [SEG],👊/🦶 [HOLD],👊/🦶 [MANT],👊/🦶 [长按]
POWER_NO_ENEMY_AHEAD,NENHUM INIMIGO À FRENTE,NO ENEMY AHEAD,NINGÚN ENEMIGO AL FRENTE,前方没有敌人
BATTLE_NO_ENEMY_AHEAD,NENHUM INIMIGO À FRENTE,NO ENEMY AHEAD,NINGÚN ENEMIGO AL FRENTE,前方没有敌人
BATTLE_ENTERING_ARENA,ENTRANDO NA ARENA,ENTERING THE ARENA,ENTRANDO EN LA ARENA,进入竞技场
BATTLE_DEFEAT_AND_ADVANCE,DERROTE %s E AVANCE,DEFEAT %s AND MOVE FORWARD,DERROTA A %s Y AVANZA,击败 %s 并继续前进
BATTLE_DOGS_ADVANCING,CUIDADO! OS CÃES ESTÃO AVANÇANDO!,WATCH OUT! THE HOUNDS ARE ADVANCING!,¡CUIDADO! ¡LOS PERROS ESTÁN AVANZANDO!,小心！恶犬群正在逼近！
ALERT_HOUNDS_ADVANCE,CUIDADO! OS CÃES ESTÃO AVANÇANDO!,WATCH OUT! THE HOUNDS ARE ADVANCING!,¡CUIDADO! ¡LOS PERROS ESTÁN AVANZANDO!,小心！恶犬群正在逼近！
BATTLE_SPECIAL,ESPECIAL!,SPECIAL!,¡ESPECIAL!,必杀技！
BATTLE_SPECIAL_HIT,ESPECIAL!,SPECIAL!,¡ESPECIAL!,必杀技！
BATTLE_HITS,%d GOLPES!,%d HITS!,¡%d GOLPES!,%d连击！
BATTLE_SINGLE_HIT,1 GOLPE!,1 HIT!,¡1 GOLPE!,1次连击！
BATTLE_BLOOD_EXPLOSION,EXPLOSÃO DE SANGUE!,BLOOD EXPLOSION!,¡EXPLOSIÓN DE SANGRE!,鲜血爆发！
BATTLE_SECO_REVIVED,SECO RECUPEROU AS FORÇAS!,SECO REGAINED HIS STRENGTH!,¡SECO RECUPERÓ SUS FUERZAS!,塞科恢复了力量！
BATTLE_SECO_LIFE_POWER,SECO's Life Power,SECO's Life Power,El poder vital de Seco,塞科的生命力量
BATTLE_DEFEAT_REMAINING,DERROTE TODOS OS INIMIGOS NA ARENA!,DEFEAT ALL ENEMIES IN THE ARENA!,¡DERROTA A TODOS LOS ENEMIGOS DE LA ARENA!,击败竞技场中的所有敌人！
BATTLE_FINAL_SECO_VICTORY,VOCE FINALMENTE MATOU O MALDITO DO SECO!,YOU FINALLY KILLED THAT DAMN SECO!,¡POR FIN MATASTE AL MALDITO SECO!,你终于杀死了该死的塞科！
BATTLE_YOU_WIN,VOCE VENCEU!,YOU WIN!,¡GANASTE!,你赢了！
BATTLE_VICTORY_EXIT,VITÓRIA!  AVANCE PARA A SAÍDA  →,VICTORY!  MOVE TO THE EXIT  →,¡VICTORIA!  AVANZA HACIA LA SALIDA  →,胜利！前往出口  →
BATTLE_PATH_CLEARED,CAMINHO LIBERADO,PATH CLEARED,CAMINO DESPEJADO,通路已开启
BATTLE_YOU_FELL,VOCÊ CAIU,YOU FELL,HAS CAÍDO,你倒下了
BATTLE_YOU_DIED,Você morreu,You died,Has muerto,你死了
BATTLE_YOU_DIED_TITLE,Você morreu,You died,Has muerto,你死了
BATTLE_YOU_DIED_CAPS,VOCÊ MORREU!,YOU DIED!,¡HAS MUERTO!,你死了！
BATTLE_DEATH_HINT,Retornando ao último ponto salvo...,Returning to the last save point...,Volviendo al último punto de guardado...,正在返回最后的存档点……
BATTLE_RETURNING_SAVE,Retornando ao último ponto salvo...,Returning to the last save point...,Volviendo al último punto de guardado...,正在返回最后的存档点……
BATTLE_RETURNING_JOURNEY,RETORNANDO À JORNADA,RETURNING TO THE JOURNEY,VOLVIENDO A LA AVENTURA,重返旅途
BATTLE_BLOOD_RESTORED,SANGUE RECUPERADO!,BLOOD RESTORED!,¡SANGRE RECUPERADA!,气血恢复！
MINION_KNIGHT_SHADOW,Guarda das Sombras,Shadow Guard,Guardia de las Sombras,暗影护卫
MINION_KNIGHT_ROYAL_PALADIN,Paladino Real,Royal Paladin,Paladín Real,皇家圣骑士
MINION_KNIGHT_ASSASSIN,Assassino Furtivo,Stealth Assassin,Asesino Furtivo,隐匿刺客
MINION_KNIGHT_FROST_SENTINEL,Sentinela Glacial,Frost Sentinel,Centinela Glacial,冰霜哨兵
MINION_KNIGHT_CRIMSON_BERSERKER,Berserker Carmesim,Crimson Berserker,Berserker Carmesí,深红狂战士
MINION_KNIGHT_GOLDEN_COMMANDER,Comandante Áureo,Golden Commander,Comandante Dorado,黄金指挥官
MINION_KNIGHT_TOXIC_DUELIST,Duelista Tóxico,Toxic Duelist,Duelista Tóxico,剧毒决斗家
MINION_KNIGHT_IRON_COLOSSUS,Colosso de Ferro,Iron Colossus,Coloso de Hierro,钢铁巨神
MINION_BANDIT_HEAVY_BRAWLER,Brutamontes Bandido,Bandit Bruiser,Bandido Forzudo,强盗恶霸
MINION_BANDIT_BLOOD_BUTCHER,Açougueiro Sanguinário,Blood Butcher,Carnicero Sanguinario,嗜血屠夫
MINION_BANDIT_IRON_MARAUDER,Saqueador de Aço,Steel Marauder,Saqueador de Acero,钢铁掠夺者
MINION_BANDIT_TOXIC_ENFORCER,Capataz Peçonhento,Venom Enforcer,Capataz Venenoso,剧毒工头
MINION_BANDIT_LIGHT_SCOUNDREL,Bandido Sorrateiro,Bandit Scoundrel,Bandido Furtivo,狡猾盗贼
MINION_BANDIT_SHADOW_ROGUE,Ladino das Sombras,Shadow Rogue,Pícaro de las Sombras,暗影潜行者
MINION_BANDIT_SAND_SKIRMISHER,Espadachim das Dunas,Dune Skirmisher,Espadachín de las Dunas,沙丘游击剑客
MINION_BANDIT_NIGHTBLADE,Lâmina Noturna,Nightblade Assassin,Hoja Nocturna,夜幕之刃
MINION_DOG_SHADOW,Cão Sombrio,Shadow Hound,Sabueso Sombrío,暗影猎犬
MINION_DOG_BLOOD,Cão Carmesim,Blood Hound,Sabueso Carmesí,嗜血猎犬
MINION_DOG_SPECTRAL,Cão Espectral,Spectral Hound,Sabueso Espectral,幽灵魔犬
TITLE_WIND_BLADE,[Lâmina de Vento],[Wind Blade],[Hoja de Viento],[风之刃]
TITLE_WIND_DAGGER,[Adaga de Vento],[Wind Dagger],[Daga de Viento],[风之匕首]
TUTORIAL_STRATEGIC_BATTLE,"Você terá 3 ataques (soco ou chute) e 6 defesas (pulo).

Após usar os 3 ataques terá que aguardar um instante até poder atacar novamente.

Após usar as 6 defesas também terá que aguardar um instante.

Você terá 3 vidas; caso morra, voltará ao último save.","You will have 3 attacks (punch or kick) and 6 defenses (jump).

After using 3 attacks you will have to wait a moment before attacking again.

After using 6 defenses you will also have to wait a moment.

You will have 3 lives; if you die, you will return to the last save.","Tendrás 3 ataques (puñetazo o patada) y 6 defensas (salto).

Tras usar los 3 ataques tendrás que esperar un momento para volver a atacar.

Tras usar las 6 defensas también tendrás que esperar un momento.

Tendrás 3 vidas; si mueres, volverás al último guardado.","你拥有3次攻击（出拳或飞踢）和6次防御（跳跃）机会。

用完3次攻击后需要稍作等待方可再次攻击。

用完6次防御后同样需要等待片刻。

你共有3条生命；如果阵亡，将返回最近的存档点。"
BOSS_INTRO_OLINDAO,OLINDÃO,OLINDÃO,OLINDÃO,奥林当
BOSS_INTRO_TRIPA,TRIPA,TRIPA,TRIPA,大肚
BOSS_INTRO_MAIOR,MAIOR,MAIOR,MAIOR,汉
BOSS_INTRO_3D,EM 3D,IN 3D,EN 3D,3D 登场
PLATFORM_BLOOD,Sangue,Blood,Sangre,血量
PLATFORM_OBJECTIVE,Siga as ilhas até a bandeira e pule no poço,Follow the islands to the flag and jump into the well,Sigue las islas hasta la bandera y salta al pozo,沿着岛屿前往旗帜并跳入井中
PLATFORM_CONTROLS,WASD / SETAS: MOVER   ESPAÇO / A: PULAR   SHIFT: CORRER   BOTÃO DIREITO: CÂMERA,WASD / ARROWS: MOVE   SPACE / A: JUMP   SHIFT: RUN   RIGHT MOUSE: CAMERA,WASD / FLECHAS: MOVER   ESPACIO / A: SALTAR   SHIFT: CORRER   BOTÓN DERECHO: CÁMARA,WASD / 方向键：移动   空格 / A：跳跃   SHIFT：奔跑   鼠标右键：视角
PLATFORM_PUNCH,Soco,Punch,Puñetazo,拳击
PLATFORM_JUMP,Pulo,Jump,Salto,跳跃
PLATFORM_START_SIGN,Cacete nas Alturas,Sky-High Mayhem,Caos en las Alturas,高空大混战
PLATFORM_PAUSE_TITLE,Pausa nas Nuvens,Cloud Break,Pausa en las Nubes,云端小憩
PLATFORM_PAUSE_HINT,Respire fundo. As ilhas esperam por você!,Take a breath. The islands await!,Respira hondo. ¡Las islas te esperan!,深呼吸，岛屿在等着你！
PLATFORM_BACK_MENU,Voltar ao menu,Back to menu,Volver al menú,返回菜单
PLATFORM_JUMP_HINT,Pulo / Espaço,Jump / Space,Salto / Espacio,跳跃 / 空格
PLATFORM_RUN_HINT,Correr / Shift,Run / Shift,Correr / Shift,奔跑 / Shift
PLATFORM_INVINCIBLE_TITLE,INVENCÍVEL,INVINCIBLE,INVENCIBLE,无敌
PLATFORM_SPECIAL_PROMPT,ESPECIAL PRONTO [Y],SPECIAL READY [Y],ESPECIAL LISTO [Y],特殊技能就绪 [Y]
PLATFORM_SPECIAL_HINT,Ativar Especial / Y,Activate Special / Y,Activar Especial / Y,激活特技 / Y
PLATFORM_SHAKE_OFF,GIRE O ANALÓGICO OU MOUSE!,ROTATE ANALOG OR MOUSE!,¡GIRA EL JOYSTICK O RATÓN!,旋转摇杆或鼠标挣脱！
PLATFORM_HOLD_ON,AGUENTE FIRME!,HOLD ON!,¡RESISTE!,坚持住！
PLATFORM_BREAK_FREE,GIRE COM FORÇA PARA DERRUBAR!,SPIN HARD TO BREAK FREE!,¡GIRA CON FUERZA PARA SOLTARTE!,用力旋转挣脱！
PLATFORM_BOSS_NAME,Lips Gargaróker,Lips Gargaróker,Lips Gargaróker,Lips Gargaróker
PLATFORM_BOSS_HIT,DANO! LIPS GARGARÓKER (-25%),HIT! LIPS GARGARÓKER (-25%),¡GOLPE! LIPS GARGARÓKER (-25%),受到攻击！LIPS GARGARÓKER (-25%)
PLATFORM_BOSS_DEFEATED,LIPS GARGARÓKER DERROTADO!,LIPS GARGARÓKER DEFEATED!,¡LIPS GARGARÓKER DERROTADO!,LIPS GARGARÓKER 已被击败！
PLATFORM_BARRIER_SIGN,⛔ BLOQUEADO! DERROTE LIPS GARGARÓKER ⛔,⛔ BLOCKED! DEFEAT LIPS GARGARÓKER ⛔,⛔ ¡BLOQUEADO! DERROTA A LIPS GARGARÓKER ⛔,⛔ 已封锁！ 击败 LIPS GARGARÓKER ⛔
PLATFORM_PATH_OPEN,🔓 CAMINHO LIBERADO! A BANDEIRA FINAL ESTÁ ACESSÍVEL! 🔓,🔓 PATH OPEN! THE FINAL FLAG IS ACCESSIBLE! 🔓,🔓 ¡CAMINO LIBERADO! ¡LA BANDERA FINAL ESTÁ ACCESSIBLE! 🔓,🔓 通路开启！ 最终旗帜现已可以通行！ 🔓
SECO_INVADER_TITLE,Seco's Invader,Seco's Invader,Seco's Invader,Seco's Invader
SECO_INVADER_START,INÍCIO,START,INICIO,起点
SECO_INVADER_END,FIM,END,FIN,终点
SECO_INVADER_DASH,A / ESPAÇO • DASH,A / SPACE • DASH,A / ESPACIO • DASH,A / 空格 • 冲刺
SECO_INVADER_SPACE_KEY,ESPAÇO,SPACE,ESPACIO,空格
PLATFORM_TITLE_SUPER_MAYCON,Super Maycon Brother,Super Maycon Brother,Super Maycon Brother,超级麦肯兄弟
INTRO_SUB_1,No boteco de esquina cervejinha e conversa,At the corner bar having beers and a chat,En el bar de la esquina cervecitas y charla,在街角的小酒馆里喝着啤酒聊着天
INTRO_SUB_2,Música ambiente e uma galera gente da gente,Ambient music and good everyday folks around,Música de fondo y gente de los nuestros,放着背景音乐周围都是熟络的老朋友
INTRO_SUB_3,Cerveja com petisco o preferido que jamais vai dar erro,Beers with snacks the favorite treat that never fails,Cerveza con aperitivos el favorito que nunca falla,啤酒配上小吃绝不出错的招牌搭配
INTRO_SUB_4,Um pastel de primeira sempre o mais popular!,Top-notch pastels always the most popular!,¡Un pastel de primera siempre el más popular!,顶级的现炸馅饼永远是最受欢迎的人气王！
INTRO_SUB_5,Mas algo estava pra acontecer que eles não iam gostar...,But something was about to happen that they would not like...,Pero algo estaba a punto de pasar que no les iba a gustar...,但意想不到的噩耗即将发生……
INTRO_SUB_6,Veio a notícia que todo mundo odeia:,The news came that everybody hates to hear:,Llegó la noticia que todo el mundo odia:,传来了所有人最害怕听到的消息：
INTRO_SUB_7,O bandido perigoso estava solto da cadeia!,The dangerous outlaw broke out of prison!,¡El peligroso criminal andaba suelto de prisión!,那个极度危险的重刑犯越狱了！
INTRO_SUB_8,Raptava e matava sem dó... ele era o terror!,Kidnapping and striking without mercy... pure terror!,¡Secuestraba y atacaba sin piedad... era el terror!,绑架行凶心狠手辣... 他是全城的梦魇！
INTRO_SUB_9,Ele estava pronto pra atacar solto na região!,He was on the prowl loose in the area!,¡Estaba listo para atacar suelto por la zona!,他正在这片区域四处游荡随时准备下手！
INTRO_SUB_10,Maycon foi ao banheiro por um tempinho...,Maycon went to the restroom for a minute...,Maycon fue al baño por un momento...,麦肯离开座位去洗手间呆了一会儿……
INTRO_SUB_11,Mas quando voltou: cadê o Cabelo? Só havia uma carta no chão!,But when he got back: where was Cabelo? Just a letter on the floor!,¡Pero al volver: ¿dónde estaba Cabelo? ¡Solo una carta en el suelo!,可当他走回来时：卡贝洛不见了！地上只留着一封信！
INTRO_SUB_12,Nela estava escrito mas não dava pra entender nada!,Words were written on it but completely unreadable!,¡Había algo escrito pero no se entendía absolutamente nada!,上面写了字但字迹潦草得根本无法辨认！
INTRO_SUB_13,Maycon guardou a carta e saiu em busca do seu amigo pra valer!,Maycon kept the letter and set out to rescue his best friend!,¡Maycon guardó la carta y salió en busca de su amigo de verdad!,麦肯收好信件毅然踏上了营救挚友的冒险之旅！
INTRO_SUB_14,Agora Maycon... é com você! É com você!,Now Maycon... it is all up to you! It is up to you!,Ahora Maycon... ¡depende de ti! ¡Depende de ti!,现在麦肯……全靠你了！靠你了！
MENU_LOAD,Carregar,Load,Cargar,读取
MENU_SLOTS_TITLE,SLOTS DE MEMÓRIA,MEMORY SLOTS,RANURAS DE MEMORIA,存档栏位
MENU_SLOTS_DESC,Escolha um slot de save para carregar ou gerenciar:,Choose a save slot to load or manage:,Elige una ranura de guardado para cargar o gestionar:,选择一个存档栏位以读取或管理：
MENU_SLOT_1_LABEL,Slot 1,Slot 1,Ranura 1,栏位 1
MENU_SLOT_2_LABEL,Slot 2,Slot 2,Ranura 2,栏位 2
MENU_SLOT_3_LABEL,Slot 3,Slot 3,Ranura 3,栏位 3
MENU_SLOT_EMPTY,[ Slot Vazio ],[ Empty Slot ],[ Ranura Vacía ],[ 空存档 ]
MENU_SLOT_ACTION_TITLE,GERENCIAR SLOT,MANAGE SLOT,GESTIONAR RANURA,管理栏位
MENU_SLOT_LOAD_BTN,Carregar Jogo,Load Game,Cargar Juego,读取游戏
MENU_SLOT_DELETE_BTN,Apagar Save,Delete Save,Borrar Guardado,删除存档
MENU_BACK,Voltar,Back,Volver,返回
MENU_DELETE_FULLSCREEN_TITLE,TEM CERTEZA QUE QUER APAGAR?,ARE YOU SURE YOU WANT TO DELETE?,¿ESTÁS SEGURO DE QUE QUIERES BORRAR?,你确定要删除存档吗？
MENU_DELETE_FULLSCREEN_DESC,O progresso salvo neste slot será apagado permanentemente!,The progress saved in this slot will be permanently deleted!,¡El progreso guardado en esta ranura se borrará permanentemente!,此栏位中保存的游戏进度将被永久删除！
MENU_DELETE_COOLDOWN,Aguarde (%ds)...,Wait (%ds)...,Espere (%ds)...,请稍候 (%ds)...
MENU_DELETE_CONFIRM_NOW,SIM APAGAR DEFINITIVAMENTE,YES PERMANENTLY DELETE,SÍ BORRAR DEFINITIVAMENTE,是的彻底删除
MENU_DELETE_CANCEL,CANCELAR,CANCEL,CANCELAR,取消
FASE_NAME_FASE_1,Bela Aurora (Parte 1),Bela Aurora (Part 1),Bela Aurora (Parte 1),贝拉奥罗拉 (第1部分)
FASE_NAME_FASE_2,Bela Aurora (Parte 2),Bela Aurora (Part 2),Bela Aurora (Parte 2),贝拉奥罗拉 (第2部分)
FASE_NAME_FASE_3,Caminho do Castelo,Castle Path,Camino del Castillo,城堡小径
FASE_NAME_FASE_3D_PLATFORM,Super Maycon Brother,Super Maycon Brother,Super Maycon Brother,超级麦肯兄弟
FASE_NAME_FASE_AVIAO,Céu do Lips,Lips' Sky,Cielo de Lips,利普斯的天空
FASE_NAME_FASE_4,Posto Estrela da Serra,Estrela da Serra Gas Station,Gasolinera Estrela da Serra,塞拉之星加油站
FASE_NAME_CASTELO_1,Castelo do Seco (Entrada),Seco Castle (Entrance),Castillo de Seco (Entrada),塞科城堡 (入口)
FASE_NAME_CASTELO_2,Castelo do Seco (Salão),Seco Castle (Hall),Castillo de Seco (Salón),塞科城堡 (大厅)
FASE_NAME_CASTELO_3,Castelo do Seco (Torre),Seco Castle (Tower),Castillo de Seco (Torre),塞科城堡 (塔楼)
FASE_NAME_OUTSIDE_1,Fora do Castelo (Parte 1),Outside Castle (Part 1),Fuera del Castillo (Parte 1),城堡外围 (第1部分)
FASE_NAME_OUTSIDE_2,Fora do Castelo (Parte 2),Outside Castle (Part 2),Fuera del Castillo (Parte 2),城堡外围 (第2部分)
FASE_NAME_OUTSIDE_3,Fora do Castelo (Parte 3),Outside Castle (Part 3),Fuera del Castillo (Parte 3),城堡外围 (第3部分)
MENU_SLOT_SAVED,Salvo,Saved,Guardado,已保存
MENU_SLOT_NO_DATA,Nenhum dado salvo neste slot.,No save data in this slot.,No hay datos guardados en esta ranura.,此栏位中没有存档数据。
MENU_SLOT_NEW_GAME,Novo Jogo neste Slot,New Game on this Slot,Nueva Partida en esta Ranura,在此栏位开始新游戏
MENU_SLOTS_NEWGAME_DESC,Escolha um slot de memória para salvar o jogo:,Choose a memory slot to save the game:,Elige una ranura de memoria para guardar la partida:,选择用于保存游戏的记忆栏位：
MENU_STAGE_LABEL,Fase,Stage,Fase,关卡
MENU_DATE_LABEL,Data,Date,Fecha,日期
MENU_HEALTH_LABEL,Vida,Health,Salud,生命
MENU_MODE_LABEL,Modo,Mode,Modo,模式
MENU_MODE_REALTIME,Tempo Real,Real-time,Tiempo Real,即时
MENU_MODE_STRATEGIC,Estratégico,Strategic,Estratégico,回合战略
MENU_OVERWRITE_TITLE,SOBRESCREVER SAVE?,OVERWRITE SAVE?,¿SOBREESCRIBIR GUARDADO?,覆盖存档？
MENU_OVERWRITE_DESC,"Este slot já possui um jogo salvo. Iniciar um Novo Jogo irá sobrescrever o progresso anterior.","This slot already has a saved game. Starting a New Game will overwrite previous progress.","Esta ranura ya tiene una partida guardada. Iniciar una Nueva Partida sobrescribirá el progreso anterior.","此栏位已有存档。开始新游戏将覆盖之前的进度。"
MENU_OVERWRITE_CONFIRM,SOBRESCREVER E INICIAR,OVERWRITE AND START,SOBREESCRIBIR E INICIAR,覆盖并开始
DUNGEON_MOVE_HINT,WASD / Analógico para mover • E / A para interagir,WASD / Stick to move • E / A to interact,WASD / Palanca para mover • E / A para interactuar,WASD / 摇杆移动 • E / A 互动
DUNGEON_OBJECTIVE_FLASHLIGHT,OBJETIVO: encontre a lanterna à sua frente,OBJECTIVE: find the flashlight ahead,OBJETIVO: encuentra la linterna al frente,目标：找到前方的手电筒
DUNGEON_OBJECTIVE_EXPLORE,OBJETIVO: atravesse a prisão e encontre a chave e a metralhadora,OBJECTIVE: cross the prison and find the key and machine gun,OBJETIVO: cruza la prisión y encuentra la llave y la ametralladora,目标：穿过监狱并找到钥匙和机枪
DUNGEON_OBJECTIVE_AXE,OBJETIVO: volte à cela do início e recupere o machado,OBJECTIVE: return to the first cell and recover the axe,OBJETIVO: vuelve a la celda inicial y recupera el hacha,目标：回到起始牢房取回斧头
DUNGEON_OBJECTIVE_ESCAPE,OBJETIVO: use o trampolim do início para voltar ao castelo,OBJECTIVE: use the entrance spring to return to the castle,OBJETIVO: usa el trampolín de la entrada para volver al castillo,目标：使用入口处的弹簧返回城堡
DUNGEON_FLASHLIGHT_ON,LANTERNA: LIGADA • Y / Botão direito,FLASHLIGHT: ON • Y / Right click,LINTERNA: ENCENDIDA • Y / Clic derecho,手电筒：开启 • Y / 鼠标右键
DUNGEON_FLASHLIGHT_OFF,LANTERNA: DESLIGADA • Y / Botão direito,FLASHLIGHT: OFF • Y / Right click,LINTERNA: APAGADA • Y / Clic derecho,手电筒：关闭 • Y / 鼠标右键
DUNGEON_WEAPON_READY,METRALHADORA • Segure tiro para disparar,MACHINE GUN • Hold fire to shoot,AMETRALLADORA • Mantén disparo para tirar,机枪 • 按住射击键开火
DUNGEON_PROMPT_FLASHLIGHT,[E / A] PEGAR LANTERNA,[E / A] TAKE FLASHLIGHT,[E / A] TOMAR LINTERNA,[E / A] 拿起手电筒
DUNGEON_PROMPT_GUN,[E / A] PEGAR METRALHADORA,[E / A] TAKE MACHINE GUN,[E / A] TOMAR AMETRALLADORA,[E / A] 拿起机枪
DUNGEON_PROMPT_KEY,[E / A] PEGAR CHAVE DA CELA,[E / A] TAKE CELL KEY,[E / A] TOMAR LLAVE DE LA CELDA,[E / A] 拿起牢房钥匙
DUNGEON_PROMPT_OPEN_CELL,Abrir portão?,Open gate?,¿Abrir portón?,开门？
DUNGEON_CELL_LOCKED,A cela está trancada. A chave está no fim da prisão.,The cell is locked. The key is at the end of the prison.,La celda está cerrada. La llave está al final de la prisión.,牢房上锁了。钥匙在监狱尽头。
DUNGEON_PROMPT_AXE,[E / A] RECUPERAR O MACHADO,[E / A] RECOVER THE AXE,[E / A] RECUPERAR EL HACHA,[E / A] 取回斧头
DUNGEON_PROMPT_TRAMPOLINE,[E / A] PULAR E VOLTAR AO CASTELO,[E / A] JUMP BACK TO THE CASTLE,[E / A] SALTAR Y VOLVER AL CASTILLO,[E / A] 跳回城堡
DUNGEON_TRAMPOLINE_LOCKED,Você precisa recuperar o machado antes de subir.,You must recover the axe before climbing back.,Debes recuperar el hacha antes de subir.,返回前必须先取回斧头。
DUNGEON_OBJECTIVE_BLUE_KEY,OBJETIVO: siga a rota aberta e acione a alavanca da chave azul,OBJECTIVE: follow the open route and pull the blue-key lever,OBJETIVO: sigue la ruta abierta y acciona la palanca de la llave azul,目标：沿开放路线前进并拉下蓝钥匙拉杆
DUNGEON_OBJECTIVE_RED_KEY,OBJETIVO: use o portão azul e procure a chave vermelha,OBJECTIVE: pass the blue gate and find the red key,OBJETIVO: cruza el portón azul y busca la llave roja,目标：穿过蓝色大门并寻找红钥匙
DUNGEON_OBJECTIVE_GREEN_KEY,OBJETIVO: atravesse o portão vermelho e encontre a chave verde,OBJECTIVE: cross the red gate and find the green key,OBJETIVO: atraviesa el portón rojo y encuentra la llave verde,目标：穿过红色大门并找到绿钥匙
DUNGEON_OBJECTIVE_CELL_KEY,OBJETIVO: entre no caminho verde e encontre a chave da cela,OBJECTIVE: enter the green route and find the cell key,OBJETIVO: entra en el camino verde y encuentra la llave de la celda,目标：进入绿色路线并找到牢房钥匙
DUNGEON_PROMPT_LEVER,Puxar alavanca?,Pull lever?,¿Tirar de la palanca?,拉下拉杆？
DUNGEON_PISTOL_READY,PISTOLA • Clique esquerdo / gatilho para atirar,PISTOL • Left click / trigger to fire,PISTOLA • Clic izquierdo / gatillo para disparar,手枪 • 左键 / 扳机射击
DUNGEON_MACHINEGUN_READY,METRALHADORA • Segure o disparo,MACHINE GUN • Hold to fire,AMETRALLADORA • Mantén para disparar,机枪 • 按住射击
DUNGEON_ITEM_FLASHLIGHT,Lanterna,Flashlight,Linterna,手电筒
DUNGEON_ITEM_BLUE_KEY,Azul,Blue,Azul,蓝钥匙
DUNGEON_ITEM_PISTOL,Pistola,Pistol,Pistola,手枪
DUNGEON_ITEM_RED_KEY,Vermelha,Red,Roja,红钥匙
DUNGEON_ITEM_GREEN_KEY,Verde,Green,Verde,绿钥匙
DUNGEON_ITEM_CELL_KEY,Cela,Cell,Celda,牢房钥匙
DUNGEON_ITEM_MACHINEGUN,Metralha,Machine gun,Ametralladora,机枪
DUNGEON_ITEM_AXE,Machado,Axe,Hacha,斧头
SETTINGS_DEBUG_DUNGEON_INVINCIBLE,Invencível no Calabouço,Invincible in the Dungeon,Invencible en la Mazmorra,地牢中无敌
SETTINGS_DEBUG_DUNGEON_INVINCIBLE_DESC,Impede que os infectados agarrem Maycon e causem o efeito de sangue nesta fase.,Prevents infected creatures from grabbing Maycon or triggering the blood effect in this stage.,Impide que los infectados agarren a Maycon o activen el efecto de sangre en esta fase.,防止感染者在本关抓住 Maycon 或触发血液效果。
FASE_NAME_CALABOUCO_TERROR,Calabouço do Castelo,Castle Dungeon,Calabozo del Castillo,城堡地牢
SETTINGS_DEBUG_RESET_DUNGEON,Resetar Eventos do Calabouço,Reset Dungeon Events,Reiniciar Eventos del Calabozo,重置地牢事件
SETTINGS_DEBUG_RESET_DUNGEON_DESC,Limpa as chaves e armas coletadas no calabouço e restaura o estado inicial.,Clears keys and weapons collected in the dungeon and restores its initial state.,Limpia las llaves y armas del calabozo y restaura su estado inicial.,清除地牢中收集的钥匙和武器并恢复初始状态。
SETTINGS_DEBUG_DUNGEON_SECTION,Eventos do Calabouço (3D Terror),Dungeon Events (3D Horror),Eventos del Calabozo (Terror 3D),地牢事件 (3D恐怖)
SETTINGS_DEBUG_STORY_SECTION,Outros Eventos do Jogo,Other Game Events,Otros Eventos del Juego,其他游戏事件
DUNGEON_AMMO_HUD,Munição,Ammo,Munición,弹药
DUNGEON_RELOAD_PROMPT,R / X: Recarregar,R / X: Reload,R / X: Recargar,R / X: 换弹
DUNGEON_RELOADING,Recarregando...,Reloading...,Recargando...,换弹中...
DUNGEON_AMMO_PISTOL_DROPPED,+4 Balas de Pistola,+4 Pistol Ammo,+4 Balas de Pistola,+4 手枪子弹
DUNGEON_AMMO_MG_DROPPED,+15 Balas de Metralhadora,+15 Machine Gun Ammo,+15 Balas de Ametralladora,+15 机枪子弹
DUNGEON_PROMPT_UNLOCK_BLUE,Abrir portão?,Open gate?,¿Abrir portón?,开门？
DUNGEON_PROMPT_UNLOCK_RED,Abrir portão?,Open gate?,¿Abrir portón?,开门？
DUNGEON_PROMPT_UNLOCK_GREEN,Abrir portão?,Open gate?,¿Abrir portón?,开门？
DUNGEON_PROMPT_UNLOCK_AXE,Abrir portão?,Open gate?,¿Abrir portón?,开门？
DUNGEON_GATE_OPENED,Portão aberto!,Gate opened!,¡Portón abierto!,大门已打开！
DUNGEON_GATE_LOCKED_BLUE,Portão Azul Trancado (Requer Chave Azul),Blue Gate Locked (Requires Blue Key),Portón Azul Cerrado (Requiere Llave Azul),蓝色大门已锁（需要蓝钥匙）
DUNGEON_GATE_LOCKED_RED,Portão Vermelho Trancado (Requer Chave Vermelha),Red Gate Locked (Requires Red Key),Portón Rojo Cerrado (Requiere Llave Roja),红色大门已锁（需要红钥匙）
DUNGEON_GATE_LOCKED_GREEN,Portão Verde Trancado (Requer Chave Verde),Green Gate Locked (Requires Green Key),Portón Verde Cerrado (Requiere Llave Verde),绿色大门已锁（需要绿钥匙）
DUNGEON_GATE_LOCKED_AXE,Cela do Machado Trancada (Requer Chave da Cela),Axe Cell Locked (Requires Cell Key),Celda del Hacha Cerrada (Requiere Llave de Celda),斧头牢房已锁（需要牢房钥匙）
DUNGEON_RUN_ACTION,Correr,Run,Correr,奔跑
DUNGEON_HP_LABEL,VIDA,HEALTH,VIDA,生命值
DUNGEON_STAMINA_LABEL,ESTAMINA,STAMINA,ESTAMINA,耐力
DUNGEON_TITLE_CUTSCENE,Calabouço Podre do Cacete,Damn Rotten Dungeon,Maldito Calabozo Podrido,该死的腐烂地牢
AVIAO_INTERIOR_DICA,Vá até a cabine e assuma o controle do avião,Get to the cockpit and take control of the plane,Ve a la cabina y toma el control del avión,前往驾驶舱接管飞机
AVIAO_HUD_PILOTAR,Setas / WASD: pilotar,Arrows / WASD: fly,Flechas / WASD: pilotar,方向键 / WASD：驾驶
AVIAO_HUD_ATIRAR,Clique / RT: metralhadoras,Click / RT: machine guns,Clic / RT: ametralladoras,点击 / RT：机枪
AVIAO_HUD_TRAVADO,NA MIRA,LOCKED,EN LA MIRA,已锁定
AVIAO_AVISO_ARMAS,Metralhadoras armadas!,Machine guns armed!,¡Ametralladoras armadas!,机枪已就位！
AVIAO_AVISO_LIPS,O Lips gigante apareceu!,The giant Lips has shown up!,¡Apareció el Lips gigante!,巨大的利普斯出现了！
AVIAO_AVISO_ABATIDO,Lips abatido!,Lips is down!,¡Lips abatido!,利普斯被击落了！
AVIAO_TITULO_FASE,Ace Tomate,Ace Tomate,Ace Tomate,Ace Tomate
SETTINGS_DEBUG_LIPS_ONE_HIT,Lips morre com um golpe,Lips dies in one hit,Lips muere de un golpe,利普斯一击毙命
SETTINGS_DEBUG_LIPS_ONE_HIT_DESC,Na fase Super Maycon Brother o Lips cai no primeiro acerto,In the Super Maycon Brother stage Lips goes down on the first hit,En la fase Super Maycon Brother Lips cae al primer golpe,在超级麦肯兄弟关卡中利普斯第一击就倒下
DIFFICULTY_SELECTION_TITLE,ESCOLHA A DIFICULDADE,CHOOSE DIFFICULTY,ELIGE LA DIFICULTAD,选择难度
DIFFICULTY_SELECTION_SUBTITLE,Você pode alterar a qualquer momento no menu de configurações.,You can change it at any time in the settings menu.,Puedes cambiarlo en cualquier momento en el menú de ajustes.,您可以随时在设置菜单中进行更改。
DIFFICULTY_NORMAL_TITLE,NORMAL,NORMAL,NORMAL,普通
DIFFICULTY_NORMAL_DESC,"A experiência original do jogo com o nível de desafio padrão em todas as fases.","The original game experience with standard challenge across all stages.","La experiencia original del juego con el nivel de desafío estándar en todas las fases.",原汁原味的游戏体验，所有关卡均为标准难度挑战。
DIFFICULTY_EASY_TITLE,FÁCIL,EASY,FÁCIL,简单
DIFFICULTY_EASY_DESC,"Inimigos com menos vida, menos dano no calabouço e chefes mais acessíveis para uma jornada mais tranquila.","Enemies with less health, less dungeon damage, and more accessible bosses for a smoother journey.","Enemigos con menos vida, menos daño en la mazmorra y jefes más accesibles para una aventura más tranquila.",敌人生命值更低、地牢伤害降低、Boss更易击败，带来更轻松的冒险旅程。
DIFFICULTY_SELECTION_HINT,Setas/analógico para escolher  •  Enter/A para confirmar,Arrows/stick to choose  •  Enter/A to confirm,Flechas/palanca para elegir  •  Enter/A para confirmar,方向键/摇杆选择  •  Enter/A 确认
SETTINGS_DIFFICULTY,Dificuldade do Jogo,Game Difficulty,Dificultad del Juego,游戏难度
SETTINGS_DIFFICULTY_DESC,Altera a dificuldade das batalhas e fases. Pode ser modificada a qualquer momento.,Changes the difficulty of battles and stages. Can be modified at any time.,Cambia la dificultad de las batallas y fases. Se puede modificar en cualquier momento.,更改战斗和关卡的难度。可随时调整。
DIFFICULTY_NORMAL,Normal,Normal,Normal,普通
DIFFICULTY_EASY,Fácil,Easy,Fácil,简单
SETTINGS_DEBUG_TRAVEL,Debug-travel,Debug Travel,Viaje debug,调试旅行
SETTINGS_DEBUG_TRAVEL_TITLE,Viagem direta para fases,Direct stage travel,Viaje directo a fases,直接关卡旅行
SETTINGS_DEBUG_TRAVEL_DESC,"Abre a cena escolhida imediatamente, ignorando totalmente o progresso e os pré-requisitos da campanha.","Opens the selected scene immediately, completely ignoring campaign progress and prerequisites.","Abre la escena elegida inmediatamente, ignorando por completo el progreso y los requisitos de la campaña.",立即打开所选场景，完全忽略战役进度和前置条件。
DEBUG_TRAVEL_PROLOGUE,PRÓLOGO,PROLOGUE,PRÓLOGO,序章
DEBUG_TRAVEL_INFINITE_WELL,POÇO INFINITO,INFINITE WELL,POZO INFINITO,无限之井
DEBUG_TRAVEL_PESTILENT_PASSAGE,PASSAGEM PESTILENTA,PESTILENT PASSAGE,PASAJE PESTILENTE,恶臭通道
DEBUG_TRAVEL_SECOS_INVADER,SECOS INVADER,SECOS INVADER,SECOS INVADER,塞科入侵者
DEBUG_TRAVEL_SUPER_MAYCON,SUPER MAYCON BROTHER,SUPER MAYCON BROTHER,SUPER MAYCON BROTHER,超级麦肯兄弟
DEBUG_TRAVEL_PLANE_FALL,QUEDA NO AVIÃO,PLANE FALL,CAÍDA EN EL AVIÓN,坠落飞机
DEBUG_TRAVEL_ACE_TOMATE,ACE TOMATE,ACE TOMATE,ACE TOMATE,ACE TOMATE
DEBUG_TRAVEL_SECO_FIGHT_1,LUTA CONTRA SECO 1 (3D),FIGHT AGAINST SECO 1 (3D),LUCHA CONTRA SECO 1 (3D),对战塞科 1（3D）
DEBUG_TRAVEL_HORROR_DUNGEON,CALABOUÇO TERROR,HORROR DUNGEON,CALABOZO DEL TERROR,恐怖地牢
DEBUG_TRAVEL_STONE_STREET,RUA DAS PEDRAS,STONE STREET,CALLE DE LAS PIEDRAS,石头街
DEBUG_TRAVEL_SECO_FIGHT_2,LUTA CONTRA SECO 2 (2D),FIGHT AGAINST SECO 2 (2D),LUCHA CONTRA SECO 2 (2D),对战塞科 2（2D）
DEBUG_TRAVEL_LOST_CITY,CIDADE PERDIDA,LOST CITY,CIUDAD PERDIDA,失落之城
DEBUG_TRAVEL_RESGATE_CABELUDO,RESGATE CABELUDO,RESGATE CABELUDO,RESCATE CABELUDO,拯救长发
DEBUG_TRAVEL_RESGATE_CABELUDO_BOSS,ÚLTIMO CHEFE (LIPS),FINAL BOSS (LIPS),JEFE FINAL (LIPS),最终头目（利普斯）
RESGATE_TITLE_TOP,Resgate,Hairy,Rescate,拯救
RESGATE_TITLE_BOTTOM,Cabeludo,Rescue,Peludo,头发
RESGATE_CIGARRO,PEGA ISSO FACIL!,CATCH THIS! EASY!,¡ATRAPA ESTO! ¡FÁCIL!,接住这个！很简单！
RESGATE_CONTROLS,W / A / D ou direcional: correr · Espaço / A: pular (2x) · E: poder · Esc: pausa,W / A / D or stick: run · Space / A: jump (2x) · E: power · Esc: pause,W / A / D o stick: correr · Espacio / A: saltar (2x) · E: poder · Esc: pausa,W / A / D 或摇杆：奔跑 · 空格 / A：跳跃（两次）· E：技能 · Esc：暂停
RESGATE_BLOOD,SANGUE  %d / 100,BLOOD  %d / 100,SANGRE  %d / 100,血量  %d / 100
RESGATE_CHARGE,PENTAGRAMAS  %d  ·  Poder: 20,PENTAGRAMS  %d  ·  Power: 20,PENTAGRAMAS  %d  ·  Poder: 20,五芒星  %d  ·  技能消耗：20
RESGATE_CHECKPOINT,Checkpoint,Checkpoint,Checkpoint,检查点
RESGATE_LIFE,VIDA,LIFE,VIDA,生命
RESGATE_PAUSE,PAUSADO · Esc para continuar,PAUSED · Esc to resume,PAUSA · Esc para continuar,已暂停 · Esc 继续
RESGATE_BOSS_HINT,Suba nas pedras e pule na cabeça do Lips! Fuja do círculo antes do impacto!,Climb the rocks and jump on Lips's head! Leave the circle before impact!,¡Sube a las rocas y salta sobre Lips! ¡Sal del círculo antes del impacto!,爬上岩石并跳到利普斯头上！在落地前离开圆圈！
RESGATE_BOSS_HP,LIPS  %d / 4,LIPS  %d / 4,LIPS  %d / 4,利普斯  %d / 4
RESGATE_HOME,"Vamos pra casa amigo....","Let's go home, buddy....","Vamos a casa, amigo....",我们回家吧，朋友……
ELDEN_BOSS_NAME,Elden Lips,Elden Lips,Elden Lips,艾尔登利普斯
ELDEN_BOSS_PHASE2,Elden Lips — A Fome Antiga,Elden Lips — The Ancient Hunger,Elden Lips — El Hambre Antigua,艾尔登利普斯 — 远古饥饿
ELDEN_INTRO_LINE,"Além da jaula, algo antigo desperta.","Beyond the cage, something ancient stirs.","Más allá de la jaula, algo antiguo despierta.",牢笼之外，远古之物苏醒。
ELDEN_CHALLENGE,Uma madeira. Um escudo. A última promessa.,A plank. A shield. One final promise.,Una tabla. Un escudo. Una última promesa.,一块木板。一面盾牌。最后的承诺。
ELDEN_VIGOR,ESTAMINA,STAMINA,RESISTENCIA,精力
ELDEN_FLASK,Sangue vital × {count}  ·  R / Y,Life essence × {count}  ·  R / Y,Esencia vital × {count}  ·  R / Y,生命精华 × {count}  ·  R / Y
ELDEN_CONTROLS,WASD / setas: mover · Q / clique: atacar · E: golpe pesado · F / botão direito: defender · V / espaço: esquivar · Tab: travar alvo · R: curar,WASD / arrows: move · Q / click: attack · E: heavy · F / right click: guard · V / space: dodge · Tab: lock target · R: heal,WASD / flechas: mover · Q / clic: atacar · E: fuerte · F / clic derecho: defender · V / espacio: esquivar · Tab: fijar · R: curar,WASD / 方向键：移动 · Q / 左键：攻击 · E：重击 · F / 右键：防御 · V / 空格：闪避 · Tab：锁定 · R：治疗
ELDEN_CONTROLS_PAD,Analógico: mover · X: atacar · RB: pesado · LB: defender · B: esquivar · R3: travar alvo · Y: curar,Stick: move · X: attack · RB: heavy · LB: guard · B: dodge · R3: lock target · Y: heal,Palanca: mover · X: atacar · RB: fuerte · LB: defender · B: esquivar · R3: fijar · Y: curar,摇杆：移动 · X：攻击 · RB：重击 · LB：防御 · B：闪避 · R3：锁定 · Y：治疗
ELDEN_SKIP,Espaço / A — iniciar batalha,Space / A — begin battle,Espacio / A — iniciar batalla,空格 / A — 开始战斗
ELDEN_EXHAUSTED,Recupere a estamina.,Recover your stamina.,Recupera la resistencia.,恢复精力。
ELDEN_PERFECT_BLOCK,BLOQUEIO PERFEITO,PERFECT BLOCK,BLOQUEO PERFECTO,完美格挡
ELDEN_GUARD_BREAK,GUARDA QUEBRADA,GUARD BROKEN,GUARDIA ROTA,防御崩溃
ELDEN_STAGGER,Lips cambaleia — ataque agora.,Lips staggers — strike now.,Lips tambalea — ataca ahora.,利普斯失衡 — 现在攻击。
ELDEN_WARN_SLAM,Esmagamento — saia do círculo.,Crushing leap — leave the circle.,Salto aplastante — sal del círculo.,粉碎跳跃 — 离开圆圈。
ELDEN_WARN_SWEEP,Varrida de batatas — defenda ou esquive.,Fries sweep — guard or dodge.,Barrido de papas — bloquea o esquiva.,薯条横扫 — 格挡或闪避。
ELDEN_WARN_TOMATO,Tomates ao ar — continue se movendo.,Tomatoes incoming — keep moving.,Tomates en vuelo — sigue moviéndote.,番茄来袭 — 保持移动。
ELDEN_WARN_DASH,Investida — saia da linha.,Dash — move out of the way.,Embestida — sal de la trayectoria.,冲刺 — 避开路线。
ELDEN_PHASE_TITLE,A FOME ANTIGA,THE ANCIENT HUNGER,EL HAMBRE ANTIGUA,远古饥饿
ELDEN_PHASE_LINE,O banquete ainda não terminou.,The feast is not yet over.,El banquete aún no termina.,盛宴尚未结束。
ELDEN_DEATH,VOCÊ MORREU,YOU DIED,HAS MUERTO,你死了
ELDEN_RETRY,A promessa permanece. Levante-se.,The promise remains. Rise again.,La promesa permanece. Levántate.,承诺依然存在。再次站起来。
ELDEN_VICTORY,FOME VENCIDA,HUNGER VANQUISHED,HAMBRE VENCIDA,饥饿已被击败
ELDEN_VICTORY_LINE,A última sombra caiu. Seu amigo espera.,The final shadow has fallen. Your friend awaits.,La última sombra cayó. Tu amigo espera.,最后的阴影倒下了。你的朋友在等待。
ELDEN_TOUCH_LEFT,←,←,←,←
ELDEN_TOUCH_RIGHT,→,→,→,→
ELDEN_TOUCH_UP,↑,↑,↑,↑
ELDEN_TOUCH_DOWN,↓,↓,↓,↓
ELDEN_TOUCH_ATTACK,Golpe,Attack,Golpe,攻击
ELDEN_TOUCH_GUARD,Escudo,Shield,Escudo,盾牌
ELDEN_TOUCH_DODGE,Esquiva,Dodge,Esquiva,闪避
ELDEN_TOUCH_HEAL,Curar,Heal,Curar,治疗
SETTINGS_DEBUG_CITY_SECTION,Eventos da Cidade Perdida,Lost City Events,Eventos de la Ciudad Perdida,失落之城事件
SETTINGS_DEBUG_RESET_CITY,Resetar Eventos da Cidade Perdida,Reset Lost City Events,Reiniciar Eventos de la Ciudad Perdida,重置失落之城事件
SETTINGS_DEBUG_RESET_CITY_DESC,Reseta os marcos de progresso e missões da Cidade Perdida no save atual.,Resets Lost City progress milestones and missions in current save.,Reinicia los hitos de progreso y misiones de la Ciudad Perdida en la partida actual.,重置当前存档中失落之城的进度里程碑与任务。
